{
  "resource_pack_name": "vanilla",
  "texture_name": "atlas.items",
  "texture_data": {
    	"leather_set": {
      "textures": "textures/items/leather_set"
	  },
    "gold_set": {
      "textures": "textures/items/gold_set"
	  },
    "chainmail_set": {
      "textures": "textures/items/chainmail_set"
	  },
    "iron_set": {
      "textures": "textures/items/iron_set"
	  },
    "diamond_set": {
      "textures": "textures/items/diamond_set"
	  },
    "wooden_command_baton": {
      "textures": "textures/items/wooden_command_baton"
	  },
    "stone_command_baton": {
      "textures": "textures/items/stone_command_baton"
	  },
    "gold_command_baton": {
      "textures": "textures/items/gold_command_baton"
	  },
    "iron_command_baton": {
      "textures": "textures/items/iron_command_baton"
	  },
    "diamond_command_baton": {
      "textures": "textures/items/diamond_command_baton"
	  },
 
    "bandit_soldier_ride": {
      "textures": "textures/items/bandit_soldier_ride"
	  },
    "bandit_archer_ride": {
      "textures": "textures/items/bandit_archer_ride"
	  },
    "bandit_general_ride": {
      "textures": "textures/items/bandit_general_ride"
	  },
    "desert_soldier_ride": {
      "textures": "textures/items/desert_soldier_ride"
	  },
    "desert_archer_ride": {
      "textures": "textures/items/desert_archer_ride"
	  },
    "desert_general_ride": {
      "textures": "textures/items/desert_general_ride"
	  },
    "native_soldier_ride": {
      "textures": "textures/items/native_soldier_ride"
	  },
    "native_archer_ride": {
      "textures": "textures/items/native_archer_ride"
	  },
    "native_general_ride": {
      "textures": "textures/items/native_general_ride"
	  },
    "pirate_soldier_ride": {
      "textures": "textures/items/pirate_soldier_ride"
	  },
    "pirate_archer_ride": {
      "textures": "textures/items/pirate_archer_ride"
	  },
    "pirate_general_ride": {
      "textures": "textures/items/pirate_general_ride"
	  },
    "player_soldier_ride": {
      "textures": "textures/items/player_soldier_ride"
	  },
    "player_archer_ride": {
      "textures": "textures/items/player_archer_ride"
	  },
    "player_general_ride": {
      "textures": "textures/items/player_general_ride"
	  },
    "viking_soldier_ride": {
      "textures": "textures/items/viking_soldier_ride"
	  },
    "viking_archer_ride": {
      "textures": "textures/items/viking_archer_ride"
	  },
    "viking_general_ride": {
      "textures": "textures/items/viking_general_ride"
	  },
    
    "player_egg": {
      "textures": [
        "textures/items/player_soldier",
        "textures/items/player_archer",
        "textures/items/player_commander",
        "textures/items/player_general",
        "textures/items/player_medic",
        "textures/items/player_farmer",
        "textures/items/player_lumberjack",
        "textures/items/player_miner"
      ]
    },
    "bandit_egg": {
      "textures": [
        "textures/items/bandit_soldier",
        "textures/items/bandit_archer",
        "textures/items/bandit_commander",
        "textures/items/bandit_general"
      ]
    },
    "desert_egg": {
      "textures": [
        "textures/items/desert_soldier",
        "textures/items/desert_archer",
        "textures/items/desert_commander",
        "textures/items/desert_general"
      ]
    },
    "native_egg": {
      "textures": [
        "textures/items/native_soldier",
        "textures/items/native_archer",
        "textures/items/native_commander",
        "textures/items/native_general"
      ]
    },
    "pirate_egg": {
      "textures": [
        "textures/items/pirate_soldier",
        "textures/items/pirate_archer",
        "textures/items/pirate_commander",
        "textures/items/pirate_general"
      ]
    },
    "viking_egg": {
      "textures": [
        "textures/items/viking_soldier",
        "textures/items/viking_archer",
        "textures/items/viking_commander",
        "textures/items/viking_general"
      ]
    }
  }
}


