{
  "format_version": "1.8.0",
  "minecraft:entity": {
    "description": {
      "identifier": "mob:player_soldier_horse",
      "is_spawnable": true,
      "is_summonable": true,
      "is_experimental": false
    },

    "component_groups": {
        "攻击":{
        "minecraft:attack": {
        "damage": 1
      }, 
      "minecraft:behavior.melee_attack":{
          "priority":1,
          "target_dist":1,
          "speed_multiplier":1,
          "track_target":true
          }
     },
     "基本属性":{
        "minecraft:behavior.random_stroll": {
        "priority": 5,
        "speed_multiplier": 1
      },
      "minecraft:behavior.look_at_player": {
        "priority": 6,
        "look_distance": 8
      },
      "minecraft:behavior.random_look_around": {
        "priority": 6
      }
     },
     "招募1":{
        "minecraft:interact": [
		  {
		    "on_interact": {
			  "filters": {
			    "all_of": [
				  { "test": "has_equipment", "subject": "other", "domain": "hand", "value": "mob:leather"},
                  { "test" :  "is_family", "subject" : "other", "value" :  "player"}
				]
			  },
			  "event": "皮革套"
		    },
		    "use_item": true,
			"interact_text": "添加"
		  },
    {
		    "on_interact": {
			  "filters": {
			    "all_of": [
				  { "test": "has_equipment", "subject": "other", "domain": "hand", "value": "mob:gold"},
                  { "test" :  "is_family", "subject" : "other", "value" :  "player"}
				]
			  },
			  "event": "金套"
		    },
		    "use_item": true,
			"interact_text": "添加"
		  }, 
     {
		    "on_interact": {
			  "filters": {
			    "all_of": [
				  { "test": "has_equipment", "subject": "other", "domain": "hand", "value": "mob:chainmail"},
                  { "test" :  "is_family", "subject" : "other", "value" :  "player"}
				]
			  },
			  "event": "链甲套"
		    },
		    "use_item": true,
			"interact_text": "添加"
		  },
     {
		    "on_interact": {
			  "filters": {
			    "all_of": [
				  { "test": "has_equipment", "subject": "other", "domain": "hand", "value": "mob:iron"},
                  { "test" :  "is_family", "subject" : "other", "value" :  "player"}
				]
			  },
			  "event": "铁套"
		    },
		    "use_item": true,
			"interact_text": "添加"
		  },
     {
		    "on_interact": {
			  "filters": {
			    "all_of": [
				  { "test": "has_equipment", "subject": "other", "domain": "hand", "value": "mob:diamond"},
                  { "test" :  "is_family", "subject" : "other", "value" :  "player"}
				]
			  },
			  "event": "钻石套"
		    },
		    "use_item": true,
			"interact_text": "添加"
		  },
      {
		    "on_interact": {
			  "filters": {
			    "all_of": [
				  { "test": "has_equipment", "subject": "other", "domain": "hand", "value": "minecraft:iron_sword"},
                  { "test" :  "is_family", "subject" : "other", "value" :  "player"}
				]
			  },
			  "event": "跟随玩家"
		    },
		    "use_item": false,
			"interact_text": "跟随"
		  }
		]
     },
     "招募2":{
        "minecraft:interact": [
		  {
		    "on_interact": {
			  "filters": {
			    "all_of": [
				  { "test": "has_equipment", "subject": "other", "domain": "hand", "value": "mob:leather"},
                  { "test" :  "is_family", "subject" : "other", "value" :  "player"}
				]
			  },
			  "event": "皮革套"
		    },
		    "use_item": true,
			"interact_text": "添加"
		  },
    {
		    "on_interact": {
			  "filters": {
			    "all_of": [
				  { "test": "has_equipment", "subject": "other", "domain": "hand", "value": "mob:gold"},
                  { "test" :  "is_family", "subject" : "other", "value" :  "player"}
				]
			  },
			  "event": "金套"
		    },
		    "use_item": true,
			"interact_text": "添加"
		  }, 
     {
		    "on_interact": {
			  "filters": {
			    "all_of": [
				  { "test": "has_equipment", "subject": "other", "domain": "hand", "value": "mob:chainmail"},
                  { "test" :  "is_family", "subject" : "other", "value" :  "player"}
				]
			  },
			  "event": "链甲套"
		    },
		    "use_item": true,
			"interact_text": "添加"
		  },
     {
		    "on_interact": {
			  "filters": {
			    "all_of": [
				  { "test": "has_equipment", "subject": "other", "domain": "hand", "value": "mob:iron"},
                  { "test" :  "is_family", "subject" : "other", "value" :  "player"}
				]
			  },
			  "event": "铁套"
		    },
		    "use_item": true,
			"interact_text": "添加"
		  },
     {
		    "on_interact": {
			  "filters": {
			    "all_of": [
				  { "test": "has_equipment", "subject": "other", "domain": "hand", "value": "mob:diamond"},
                  { "test" :  "is_family", "subject" : "other", "value" :  "player"}
				]
			  },
			  "event": "钻石套"
		    },
		    "use_item": true,
			"interact_text": "添加"
		  },
      {
		    "on_interact": {
			  "filters": {
			    "all_of": [
				  { "test": "has_equipment", "subject": "other", "domain": "hand", "value": "minecraft:iron_sword"},
                  { "test" :  "is_family", "subject" : "other", "value" :  "player"}
				]
			  },
			  "event": "停止跟随玩家"
		    },
		    "use_item": false,
			"interact_text": "停止跟随"
		  }
		],   
      "minecraft:behavior.follow_owner": {
          "priority": 1,
          "speed_multiplier": 1.0,
          "start_distance": 10,
          "stop_distance": 2
        }
     },
     "皮革套":{
        "minecraft:equipment": {
        "table": "loot_tables/entities/soldier1.json"
      }
     },
     "金套":{
        "minecraft:equipment": {
        "table": "loot_tables/entities/soldier2.json"
      }
     },
     "链甲套":{
        "minecraft:equipment": {
        "table": "loot_tables/entities/soldier3.json"
      }
     },
     "铁套":{
        "minecraft:equipment": {
        "table": "loot_tables/entities/soldier4.json"
      }
     },
     "钻石套":{
        "minecraft:equipment": {
        "table": "loot_tables/entities/soldier5.json"
      }
     },
     "招募3": {
        "minecraft:is_tamed": {
        },
     "minecraft:on_target_acquired": {
        "event": "minecraft:become_aggro",
        "target": "self"
      },
      "minecraft:on_target_escape": {
        "event": "minecraft:stop_aggro",
        "target": "self"
      },
        "minecraft:damage_sensor": [
        {
          "on_damage": {
            "filters": { "test" :  "is_family", "subject" : "other", "value" :  "player" }
        },
          "deals_damage": false
       }
      ],
        "minecraft:behavior.ranged_attack": {
        "priority": 1,
        "attack_radius": 30,
       "attack_interval_min": 1,
        "attack_interval_max": 1
      },
        "minecraft:behavior.owner_hurt_by_target": {
          "priority": 2
        },
        "minecraft:behavior.owner_hurt_target": {
          "priority": 2
        },
        "minecraft:sittable": {
        },
        "minecraft:leashable": {
          "soft_distance": 4.0,
          "hard_distance": 6.0,
          "max_distance": 10.0,
          "on_leash": {
            "event": "minecraft:on_leash",
            "target": "self"
          },
          "on_unleash": {
            "event": "minecraft:on_unleash",
            "target": "self"
          }
        }
      }
        },
    "components": {
      "minecraft:nameable": {
      },
      "minecraft:breathable": {
        "totalSupply": 15,
        "suffocateTime": 0,
        "breathesWater": true
      },
      "minecraft:health": {
        "value": 40,
        "max": 40
      },
      "minecraft:collision_box": {
        "width": 1.0,
        "height": 2.0
      },
      "minecraft:equipment": {
        "table": "loot_tables/entities/sword.json"
      },
      "minecraft:movement": {
        "value": 0.3
      },
      "minecraft:navigation.walk": {
        "is_amphibious": true,
        "avoid_sun": false,
        "avoid_water": true
      },
      "minecraft:movement.basic": {
      },
      "minecraft:jump.static": {
      },
      "minecraft:can_climb": {
      },
      "minecraft:scale": {
        "value": 1.0
      },
      "minecraft:loot": {
        "table": "loot_tables/entities/emerald.json"
      },
      "minecraft:knockback_resistance": {
        "value": 0.5
      },
      "minecraft:tameable": {
          "probability": 1.0,
          "tameItems": "emerald",
          "tame_event": {
            "event": "招募",
            "target": "self"
          }
       },
      "minecraft:healable": {
        "items": [
          {
            "item": "porkchop",
            "heal_amount": 3
          },
          {
            "item": "cooked_porkchop",
            "heal_amount": 8
          },
          {
            "item": "fish",
            "heal_amount": 2
          },
          {
            "item": "salmon",
            "heal_amount": 2
          },
          {
            "item": "clownfish",
            "heal_amount": 1
          },
          {
            "item": "pufferfish",
            "heal_amount": 1
          },
          {
            "item": "cooked_fish",
            "heal_amount": 5
          },
          {
            "item": "cooked_salmon",
            "heal_amount": 6
          },
          {
            "item": "beef",
            "heal_amount": 3
          },
          {
            "item": "cooked_beef",
            "heal_amount": 8
          },
          {
            "item": "chicken",
            "heal_amount": 2
          },
          {
            "item": "cooked_chicken",
            "heal_amount": 6
          },
          {
            "item": "muttonRaw",
            "heal_amount": 2
          },
          {
            "item": "muttonCooked",
            "heal_amount": 6
          },
          {
            "item": "rotten_flesh",
            "heal_amount": 4
          },
          {
            "item": "rabbit",
            "heal_amount": 3
          },
          {
            "item": "cooked_rabbit",
            "heal_amount": 5
          },
          {
            "item": "rabbit_stew",
            "heal_amount": 10
          }
        ]
      },
      "minecraft:damage_sensor": [
        {
          "on_damage": {
            "filters": { "test" :  "is_family", "subject" : "other", "value" :  "farmer" }
        },
          "deals_damage": false
       }

      ],
      "minecraft:behavior.hurt_by_target": {
        "priority": 1
      },
      "minecraft:fall_damage": {
        "value": 0.0
      },   
      "minecraft:follow_range": {
      "value": 100,
      "max": 100
      },   
      "minecraft:behavior.nearest_attackable_target": {
        "priority": 2,
        "reselect_targets": true,
        "entity_types": [
          {
            "filters": {
              "test": "is_family",
              "subject": "other",
              "value": "monster"
            },
            "max_dist": 60
          },
          {
            "filters": {
              "test": "is_family",
              "subject": "other",
              "value": "desert"
            },
            "max_dist": 60
          },
          {
            "filters": {
              "test": "is_family",
              "subject": "other",
              "value": "bandit"
              },
            "max_dist": 60
            },
            {
            "filters": {
              "test": "is_family",
              "subject": "other",
              "value": "native"
             },
            "max_dist": 60
            },
            {
            "filters": {
              "test": "is_family",
              "subject": "other",
              "value": "pirate"
              },
            "max_dist": 60
            },
            {
            "filters": {
              "test": "is_family",
              "subject": "other",
              "value": "viking"
            },
            "max_dist": 60
          }
        ],
        "must_see": true
      },
      "minecraft:type_family": {
        "family": [ "soldier", "player","farmer" ]
      },
      "minecraft:physics": {
      }
    },

    "events": {
      "招募": {
        "sequence": [
          {
            "add": { "component_groups": ["招募1","招募3"]}
          }
        ]
      },
      "跟随玩家": {
        "randomize": [
         {
        "remove": {"component_groups":     ["招募1"]},
        "add": {"component_groups": ["招募2"]}

     }
    ]
      },
      "停止跟随玩家": {
        "randomize": [
         {
        "add": {"component_groups":     ["招募1"]},
        "remove": {"component_groups": ["招募2"]}
     }
    ]
      },
      "皮革套": {
        "sequence": [
          {
            "add": { "component_groups": ["皮革套"]}
          }
        ]
      },
      "金套": {
        "sequence": [
          {
            "add": { "component_groups": ["金套"]}
          }
        ]
      },
      "链甲套": {
        "sequence": [
          {
            "add": { "component_groups": ["链甲套"]}
          }
        ]
      },
      "铁套": {
        "sequence": [
          {
            "add": { "component_groups": ["铁套"]}
          }
        ]
      },
      "钻石套": {
        "sequence": [
          {
            "add": { "component_groups": ["钻石套"]}
          }
        ]
      },
      "进入作战状态": {
        "randomize": [
          {
            "remove": {"component_groups": ["基本属性"]}
          }
        ]
      },
      "取消作战状态": {
        "randomize": [
          {
            "add": {"component_groups": []}
          }
        ]
      },
      "minecraft:become_aggro": {
        "randomize": [
         {
        "remove": {"component_groups":     ["取消攻击"]},
        "add": {"component_groups": ["准备攻击"]}
     }
    ]
   },
      "minecraft:stop_aggro": {
        "randomize": [
         {
        "remove": {"component_groups":     ["准备攻击"]},
        "add": {"component_groups": ["取消攻击"]}
     }
    ]
   },
      "minecraft:entity_spawned": {
        "randomize": [
          {
            "add": {"component_groups": ["攻击"]}
          }
        ]
      }
    }
  }
}