{
	"format_version" : "1.10.0",
	"animation_controllers" : {
    "controller.animation.native_troops": {
      "states": {
        "default": {
          "on_entry": [
           "/summon mob:native_soldier 帝国士兵",
           "/summon mob:native_soldier 帝国士兵",
           "/summon mob:native_soldier 帝国士兵",
           "/summon mob:native_soldier 帝国士兵",
           "/summon mob:native_soldier 帝国士兵",
           "/summon mob:native_soldier 帝国士兵",
           "/summon mob:native_soldier 帝国士兵",
           "/summon mob:native_soldier 帝国士兵",
           "/summon mob:native_soldier 帝国士兵",
           "/summon mob:native_soldier 帝国士兵",
           "/summon mob:native_soldier 帝国弓箭手",
           "/summon mob:native_archer 帝国弓箭手",
           "/summon mob:native_archer 帝国弓箭手",
           "/summon mob:native_archer 帝国弓箭手",
           "/summon mob:native_archer 帝国弓箭手",
           "/summon mob:native_soldier_horse 帝国骑兵",
           "/summon mob:native_soldier_horse 帝国骑兵",
           "/summon mob:native_soldier_horse 帝国骑兵",
           "/summon mob:native_soldier_horse 帝国骑兵",
           "/summon mob:native_soldier_horse 帝国骑兵",
           "/summon mob:native_archer_horse 帝国游骑兵",
           "/summon mob:native_archer_horse 帝国游骑兵",
           "/summon mob:native_commander 帝国指挥官",
           "/summon mob:native_general_horse 帝国首领"
          ]
        }
      }
    }
  }
}

